{
  "LSTM_ReLU_Adam_seq50": {
    "train_losses": [
      0.6773084190571704,
      0.6033788645816276,
      0.5354132982318663,
      0.47674575017388826,
      0.4416885141978788
    ],
    "val_accuracies": [
      0.57396,
      0.71904,
      0.74644,
      0.761,
      0.76352
    ]
  },
  "RNN_ReLU_Adam_seq50": {
    "train_losses": [
      0.6932742845676744,
      0.6872391523150227,
      0.6770429640169948,
      0.6686694120126002,
      0.6684242626437751
    ],
    "val_accuracies": [
      0.54708,
      0.55028,
      0.59496,
      0.54148,
      0.56936
    ]
  },
  "BiLSTM_ReLU_Adam_seq50": {
    "train_losses": [
      0.6813323551126759,
      0.6305363157292461,
      0.5482461882750397,
      0.5040975668851067,
      0.45746957301102636
    ],
    "val_accuracies": [
      0.64296,
      0.70416,
      0.7324,
      0.75232,
      0.76536
    ]
  },
  "LSTM_Sigmoid_Adam_seq50": {
    "train_losses": [
      0.6855665968964472,
      0.616255749140859,
      0.5484539819952777,
      0.4950392638973873,
      0.4554877140371086
    ],
    "val_accuracies": [
      0.6172,
      0.70232,
      0.738,
      0.75528,
      0.7658
    ]
  },
  "LSTM_Tanh_Adam_seq50": {
    "train_losses": [
      0.6866160743986555,
      0.6316650720203624,
      0.5527287379783743,
      0.49378956686657716,
      0.4484362235040311
    ],
    "val_accuracies": [
      0.61916,
      0.69716,
      0.74036,
      0.76032,
      0.77188
    ]
  },
  "LSTM_ReLU_SGD_seq50": {
    "train_losses": [
      0.693300074247448,
      0.6934696739287023,
      0.6933834340871142,
      0.6932706329828638,
      0.6934739791828654
    ],
    "val_accuracies": [
      0.49328,
      0.49408,
      0.494,
      0.49564,
      0.49672
    ]
  },
  "LSTM_ReLU_RMSprop_seq50": {
    "train_losses": [
      0.6724842790599979,
      0.6156655322484044,
      0.5628676573028955,
      0.5195180205128077,
      0.4847013379454308
    ],
    "val_accuracies": [
      0.6516,
      0.70068,
      0.72928,
      0.72728,
      0.75996
    ]
  },
  "LSTM_ReLU_Adam_seq25": {
    "train_losses": [
      0.6777419364818221,
      0.6146255433559418,
      0.5558838305418449,
      0.5135980112016049,
      0.4836204730717422
    ],
    "val_accuracies": [
      0.62184,
      0.69064,
      0.70904,
      0.71268,
      0.72536
    ]
  },
  "LSTM_ReLU_Adam_seq100": {
    "train_losses": [
      0.681756113115174,
      0.6530589472759715,
      0.669173796311059,
      0.650757684312818,
      0.5327900835620168
    ],
    "val_accuracies": [
      0.62384,
      0.5762,
      0.58408,
      0.7252,
      0.77016
    ]
  },
  "LSTM_ReLU_Adam_seq50_clip": {
    "train_losses": [
      0.6828162021496716,
      0.6740407891133252,
      0.6173304727925059,
      0.5393174101438973,
      0.48231438303466345
    ],
    "val_accuracies": [
      0.57244,
      0.60744,
      0.69352,
      0.74972,
      0.75512
    ]
  },
  "RNN_Tanh_Adam_seq50": {
    "train_losses": [
      0.6951150703613106,
      0.6828986285135265,
      0.6926573713112365,
      0.6896918443462733,
      0.6730742441571277
    ],
    "val_accuracies": [
      0.5486,
      0.53624,
      0.52828,
      0.56592,
      0.58556
    ]
  },
  "BiLSTM_Tanh_Adam_seq50": {
    "train_losses": [
      0.676606007549159,
      0.6129626438135991,
      0.5424259374170657,
      0.4891378359340341,
      0.448076128197448
    ],
    "val_accuracies": [
      0.64312,
      0.71804,
      0.73564,
      0.74296,
      0.76612
    ]
  },
  "LSTM_Tanh_RMSprop_seq50": {
    "train_losses": [
      0.6710454916100368,
      0.5925749929054923,
      0.5307854925046491,
      0.48430980902041315,
      0.45175104430112084
    ],
    "val_accuracies": [
      0.62644,
      0.7142,
      0.7446,
      0.76156,
      0.76256
    ]
  },
  "RNN_ReLU_Adam_seq100": {
    "train_losses": [
      0.6927381266870767,
      0.6847853107220682,
      0.6891624361200406,
      0.6764299534165951,
      0.6692442370726325
    ],
    "val_accuracies": [
      0.5492,
      0.50068,
      0.56024,
      0.61792,
      0.57848
    ]
  }
}